entry_type,route_path,slug,title,meta_description,h1,intro,body,primary_cta_label,primary_cta_url,secondary_cta_label,secondary_cta_url,generation_seed_prompt,image_url,feature_bullets,faq_pairs,status,tags,updated_at
page,/blog/how-to-turn-photos-into-coloring-pages,how-to-turn-photos-into-coloring-pages,How To Turn Photos Into Coloring Pages,Step-by-step guide to convert photos into printable coloring pages.,How To Turn Photos Into Coloring Pages,Learn how to convert your own photos into clean outlines.,"Use Photo mode in ColorfulMe to upload any image, automatically simplify edges, and export print-ready PDF pages in minutes.",Try Photo Mode,/create,See More Guides,/blog,,,Photo-to-outline conversion|Instant download|Beginner friendly,"Do I need design skills?::No, ColorfulMe handles conversion automatically.",published,"blog,guide,photo",2026-02-06
page,/coloring-pages-for-kids,coloring-pages-for-kids,Free Kids Coloring Pages (Printable),Generate safe printable kids coloring pages in seconds.,Free Kids Coloring Pages,Create age-friendly line art with prompts and one-click export.,ColorfulMe helps parents and teachers generate printable coloring pages from text prompts with strict family-safe moderation. Download PNG and PDF instantly.,Start Creating,/create,Browse Library,/library,,,Family-safe moderation|Printable PNG and PDF|Fast generation workflow,"Is this safe for kids?::Yes. Prompts are filtered with strict family-safe moderation.||Can I print at home?::Yes, every page can be downloaded as PDF for printing.",published,"kids,coloring pages,printable",2026-02-06
tool,/ai-coloring-page-generator,ai-coloring-page-generator,AI Coloring Page Generator,"Generate printable AI coloring pages from any prompt in seconds with clean, kid-safe outlines.",AI Coloring Page Generator,Create custom coloring pages from text prompts with print-ready line quality.,"Use this AI coloring page generator to turn any idea into black-and-white printable art. Pick style, aspect ratio, and difficulty, then export as PNG or PDF.",Try This Generator,/create,Browse Library,/library,a happy dinosaur playing soccer in a park,/static/images/colorfulme/v2/gallery-card-1.png,SEO-focused generator workflow|Kid-friendly line art quality|PNG and PDF export ready,"How fast does generation take?::Most prompts return a printable page in seconds.||Can I print the result?::Yes, export as PDF or PNG for home or classroom printing.",published,"ai coloring page generator,printable coloring pages,ai coloring tool",2026-02-06
tool,/bible-verse-coloring-page-generator,bible-verse-coloring-page-generator,Bible Verse Coloring Page Generator,Generate printable Bible verse coloring pages with decorative line art and scripture text.,Bible Verse Coloring Page Generator,"Create scripture-based coloring pages for church groups, homeschool, and family activities.","Design Bible verse coloring sheets with floral borders, symbols, and easy-to-read text layouts. Great for Sunday school and faith-based printables.",Try This Generator,/create,Browse Library,/library,Bible verse coloring page for Psalm 23 with simple floral border,/static/images/colorfulme/v2/gallery-card-10.png,SEO-focused generator workflow|Kid-friendly line art quality|PNG and PDF export ready,"Can I choose any verse?::Yes, you can prompt with specific verses and style preferences.||Is this suitable for church classes?::Yes, it is commonly used for Sunday school and group activities.",published,"bible verse coloring page generator,scripture coloring pages,sunday school coloring sheets",2026-02-06
tool,/bubble-letter-coloring-page-generator,bubble-letter-coloring-page-generator,Bubble Letter Coloring Page Generator,"Generate bubble letter coloring pages for names, words, and playful printable typography.",Bubble Letter Coloring Page Generator,Make bubble letter coloring pages with clean outlines and custom words.,"Use this tool for classroom vocabulary sheets, birthday names, and custom word art. Bubble letters are optimized for easy coloring with markers or crayons.",Try This Generator,/create,Browse Library,/library,bubble letter coloring page for the word AMAZING,/static/images/colorfulme/v2/gallery-card-8.png,SEO-focused generator workflow|Kid-friendly line art quality|PNG and PDF export ready,"Can I generate single words?::Yes, single words and short phrases work best for bold bubble layouts.||Is this printable at home?::Yes, output is optimized for standard home printing sizes.",published,"bubble letter coloring page generator,bubble letter word art,coloring typography generator",2026-02-06
tool,/coloring-book-generator,coloring-book-generator,Coloring Book Generator,"Create full printable coloring books with AI prompts, themed pages, and export-ready files.",AI Coloring Book Generator,Build themed coloring books faster with reusable AI prompts and consistent style.,"Generate multiple related pages for animals, holidays, classroom packs, and activity books. Use ColorfulMe prompts to keep character style consistent across pages.",Try This Generator,/create,Browse Library,/library,10-page jungle adventure coloring book for kids age 6,/static/images/colorfulme/v2/gallery-card-2.png,SEO-focused generator workflow|Kid-friendly line art quality|PNG and PDF export ready,"Can I generate a full set of pages?::Yes, create and download pages one by one with consistent style prompts.||Is this good for teachers?::Yes, many users build class activity packs and worksheets with this flow.",published,"coloring book generator,ai coloring book,printable activity book creator",2026-02-06
tool,/dinosaur-coloring-page-generator,dinosaur-coloring-page-generator,Dinosaur Coloring Page Generator,"Generate printable dinosaur coloring pages with T-Rex, triceratops, and fun prehistoric scenes.",Dinosaur Coloring Page Generator,Create custom dinosaur coloring pages for kids in seconds.,"Build dinosaur-themed coloring sheets with custom species, backgrounds, and difficulty level. Perfect for science units, homeschool packs, and activity books.",Try This Generator,/create,Browse Library,/library,"friendly t-rex and triceratops in prehistoric jungle, coloring page",/static/images/colorfulme/v2/gallery-card-4.png,SEO-focused generator workflow|Kid-friendly line art quality|PNG and PDF export ready,"Can I request specific dinosaurs?::Yes, include species names in your prompt for targeted outputs.||Are dinosaur pages kid-friendly?::Yes, moderation and style constraints keep pages family-safe.",published,"dinosaur coloring page generator,dino coloring sheets,printable dinosaur pages",2026-02-06
tool,/family-photo-coloring-page,family-photo-coloring-page,Family Photo Coloring Page Converter,Convert family photos into printable coloring pages with cleaner lines and custom detail.,Family Photo Coloring Page Converter,Turn family photos into custom coloring pages quickly.,"Upload portraits and family event photos to make memorable custom coloring sheets. Great for birthday parties, school events, and keepsake activity books.",Try This Generator,/create,Browse Library,/library,turn this family portrait into a printable coloring sheet,/static/images/colorfulme/v2/gallery-card-4.png,SEO-focused generator workflow|Kid-friendly line art quality|PNG and PDF export ready,"Is this good for birthday parties?::Yes, many users make custom party activity pages from family photos.||Can I download and print quickly?::Yes, export immediately as PNG or PDF after generation.",published,"family photo coloring page,family photo to coloring page converter,custom coloring page",2026-02-06
tool,/family-photo-coloring-page-generator,family-photo-coloring-page-generator,Family Photo Coloring Page Generator,"Turn family photos into custom printable coloring pages for birthdays, holidays, and keepsakes.",Family Photo Coloring Page Generator,Create personalized coloring pages from your own family images.,"Upload portraits and family event photos to make memorable custom coloring sheets. Great for birthday parties, school events, and keepsake activity books.",Try This Generator,/create,Browse Library,/library,turn this family portrait into a printable coloring sheet,/static/images/colorfulme/v2/gallery-card-4.png,SEO-focused generator workflow|Kid-friendly line art quality|PNG and PDF export ready,"Is this good for birthday parties?::Yes, many users make custom party activity pages from family photos.||Can I download and print quickly?::Yes, export immediately as PNG or PDF after generation.",published,"family photo coloring page generator,custom family coloring page,personalized coloring page",2026-02-06
tool,/flux-prompt-generator-for-coloring-pages,flux-prompt-generator-for-coloring-pages,FLUX Prompt Generator for Coloring Pages,Generate FLUX prompts tailored for printable coloring pages with clear line-art direction.,FLUX Prompt Generator for Coloring Pages,"Build FLUX prompts designed for crisp, printable coloring page results.","Use this generator to produce FLUX-ready prompt structures for family-safe themes, bold outlines, and easy color regions suitable for kids.",Try This Generator,/create,Browse Library,/library,"flux prompt: cartoon farm scene coloring page, bold black outlines",/static/images/colorfulme/v2/gallery-card-1.png,SEO-focused generator workflow|Kid-friendly line art quality|PNG and PDF export ready,"Why use a dedicated FLUX prompt generator?::It helps enforce line-art constraints that improve printability.||Can I adapt prompts for different ages?::Yes, include age target and detail level in your prompt for better results.",published,"flux prompt generator,coloring page prompts,ai prompt engineering for line art",2026-02-06
tool,/generators/bible-verse-coloring-page-generator,generators-bible-verse-coloring-page-generator,Bible Verse Coloring Page Generator,"Generate printable Bible verse coloring pages for church, homeschool, and family activities.",Bible Verse Coloring Page Generator,Create scripture-based coloring pages with decorative line art.,"Design Bible verse coloring sheets with floral borders, symbols, and easy-to-read text layouts. Great for Sunday school and faith-based printables.",Try This Generator,/create,Browse Library,/library,Bible verse coloring page for Psalm 23 with simple floral border,/static/images/colorfulme/v2/gallery-card-10.png,SEO-focused generator workflow|Kid-friendly line art quality|PNG and PDF export ready,"Can I choose any verse?::Yes, you can prompt with specific verses and style preferences.||Is this suitable for church classes?::Yes, it is commonly used for Sunday school and group activities.",published,"bible verse coloring page generator,generators,scripture coloring pages",2026-02-06
tool,/generators/bubble-letter-coloring-page-generator,generators-bubble-letter-coloring-page-generator,Bubble Letter Coloring Page Generator,Generate bubble letter coloring pages for names and words with bold printable outlines.,Bubble Letter Coloring Page Generator,Create bubble letter coloring pages for names and custom words.,"Use this tool for classroom vocabulary sheets, birthday names, and custom word art. Bubble letters are optimized for easy coloring with markers or crayons.",Try This Generator,/create,Browse Library,/library,bubble letter coloring page for the word AMAZING,/static/images/colorfulme/v2/gallery-card-8.png,SEO-focused generator workflow|Kid-friendly line art quality|PNG and PDF export ready,"Can I generate single words?::Yes, single words and short phrases work best for bold bubble layouts.||Is this printable at home?::Yes, output is optimized for standard home printing sizes.",published,"bubble letter coloring page generator,generators,word art coloring",2026-02-06
tool,/generators/graffiti-coloring-page-generator,generators-graffiti-coloring-page-generator,Graffiti Coloring Page Generator,Create graffiti-style coloring page printables with custom words and bold line art.,Graffiti Coloring Page Generator,Generate graffiti-inspired printable coloring pages.,"Turn words and names into graffiti coloring pages designed for creativity while staying printable and legible. Great for tweens, teens, and art clubs.",Try This Generator,/create,Browse Library,/library,graffiti coloring page with the word DREAM BIG,/static/images/colorfulme/v2/gallery-card-9.png,SEO-focused generator workflow|Kid-friendly line art quality|PNG and PDF export ready,"Can I choose words or names?::Yes, custom words and names are supported for graffiti-style prompts.||Is the output kid-safe?::Yes, moderation filters keep content family-safe by default.",published,"graffiti coloring page generator,generators,street art coloring pages",2026-02-06
tool,/generators/name-coloring-page-generator,generators-name-coloring-page-generator,Name Coloring Page Generator,Generate printable personalized name coloring pages with custom themes and styles.,Name Coloring Page Generator,Create personalized name coloring pages for classrooms and parties.,"Create classroom name sheets, birthday pages, and personalized printables with themed text prompts. Great for kids learning letters and writing.",Try This Generator,/create,Browse Library,/library,Create a coloring page for the name Emma with stars and flowers,/static/images/colorfulme/v2/gallery-card-6.png,SEO-focused generator workflow|Kid-friendly line art quality|PNG and PDF export ready,"Can I use any name?::Yes, generate personalized pages with first names, nicknames, or short phrases.||Are these good for classrooms?::Yes, teachers use them for name practice and activity stations.",published,"name coloring page generator,generators,custom name coloring page",2026-02-06
tool,/generators/quote-coloring-page-generator,generators-quote-coloring-page-generator,Quote Coloring Page Generator,Create printable quote coloring pages with decorative typography and line art.,Quote Coloring Page Generator,Generate motivational quote coloring pages in seconds.,"Turn short quotes into printable coloring sheets with floral, geometric, or seasonal styles. Perfect for affirmations, classroom walls, and journals.",Try This Generator,/create,Browse Library,/library,create a quote coloring page: Be brave and kind,/static/images/colorfulme/v2/gallery-card-7.png,SEO-focused generator workflow|Kid-friendly line art quality|PNG and PDF export ready,"Can I create classroom quotes?::Yes, this generator works well for classroom posters and handouts.||What quote length works best?::Short to medium quotes usually produce the cleanest layouts.",published,"quote coloring page generator,generators,affirmation coloring pages",2026-02-06
tool,/graffiti-coloring-page-generator,graffiti-coloring-page-generator,Graffiti Coloring Page Generator,Create graffiti-style coloring pages with bold outlines and custom text prompts.,Graffiti Coloring Page Generator,Generate graffiti-inspired printable coloring pages with cleaner line art.,"Turn words and names into graffiti coloring pages designed for creativity while staying printable and legible. Great for tweens, teens, and art clubs.",Try This Generator,/create,Browse Library,/library,graffiti coloring page with the word DREAM BIG,/static/images/colorfulme/v2/gallery-card-9.png,SEO-focused generator workflow|Kid-friendly line art quality|PNG and PDF export ready,"Can I choose words or names?::Yes, custom words and names are supported for graffiti-style prompts.||Is the output kid-safe?::Yes, moderation filters keep content family-safe by default.",published,"graffiti coloring page generator,street art coloring pages,graffiti name coloring sheet",2026-02-06
tool,/mandala-coloring-page-generator,mandala-coloring-page-generator,Mandala Coloring Page Generator,"Generate printable mandala coloring pages with custom complexity for kids, teens, and adults.",Mandala Coloring Page Generator,Create custom mandala coloring pages in seconds with adjustable detail.,Generate geometric and floral mandala designs with style prompts for beginner to advanced coloring difficulty. Perfect for mindfulness and classroom calm activities.,Try This Generator,/create,Browse Library,/library,"mandala coloring page with floral symmetry, medium complexity",/static/images/colorfulme/v2/gallery-card-2.png,SEO-focused generator workflow|Kid-friendly line art quality|PNG and PDF export ready,"Can I choose complexity?::Yes, you can use prompt wording to request easy, medium, or detailed mandalas.||Is this suitable for adults too?::Yes, many users create mandalas for teens and adults as well as kids.",published,"mandala coloring page generator,printable mandala coloring pages,geometric coloring sheets",2026-02-06
tool,/midjourney-prompt-generator-for-coloring-pages,midjourney-prompt-generator-for-coloring-pages,Midjourney Prompt Generator for Coloring Pages,Create Midjourney-ready prompts for cleaner coloring page generation and better line art outputs.,Midjourney Prompt Generator for Coloring Pages,Generate keyword-rich Midjourney prompts optimized for printable coloring page style.,"Use this prompt generator to create better Midjourney instructions for black-and-white line art, consistent style, and printable layouts.",Try This Generator,/create,Browse Library,/library,"midjourney prompt for cute jungle animals coloring page, bold outlines",/static/images/colorfulme/v2/gallery-card-11.png,SEO-focused generator workflow|Kid-friendly line art quality|PNG and PDF export ready,"Does this generate images directly?::This page helps build optimized prompts you can use in image workflows.||Can I copy prompts to ColorfulMe?::Yes, generated prompt patterns can be used directly in ColorfulMe create mode.",published,"midjourney prompt generator,coloring page prompts,ai art prompt builder",2026-02-06
tool,/name-coloring-page-generator,name-coloring-page-generator,Name Coloring Page Generator,Generate personalized name coloring pages with decorative letters and printable outlines.,Name Coloring Page Generator,"Turn any name into a custom coloring page with bold, easy-to-color lettering.","Create classroom name sheets, birthday pages, and personalized printables with themed text prompts. Great for kids learning letters and writing.",Try This Generator,/create,Browse Library,/library,Create a coloring page for the name Emma with stars and flowers,/static/images/colorfulme/v2/gallery-card-6.png,SEO-focused generator workflow|Kid-friendly line art quality|PNG and PDF export ready,"Can I use any name?::Yes, generate personalized pages with first names, nicknames, or short phrases.||Are these good for classrooms?::Yes, teachers use them for name practice and activity stations.",published,"name coloring page generator,personalized name coloring page,custom name coloring sheet",2026-02-06
tool,/photo-to-coloring-page-converter,photo-to-coloring-page-converter,Photo to Coloring Page Converter,Convert photos into printable coloring pages with cleaner outlines and simplified details.,Photo to Coloring Page Converter,Upload a photo and convert it into kid-friendly coloring line art in seconds.,"This photo to coloring page converter removes noise, simplifies detail, and keeps clear contours so kids can color easily. Ideal for portraits, pets, and family pictures.",Try This Generator,/create,Browse Library,/library,convert this family picnic photo into a coloring page,/static/images/colorfulme/v2/gallery-card-3.png,SEO-focused generator workflow|Kid-friendly line art quality|PNG and PDF export ready,"What image formats are supported?::JPG and PNG uploads are supported in the generator.||Do backgrounds get simplified?::Yes, the conversion flow reduces clutter and highlights key lines.",published,"photo to coloring page converter,picture to coloring page,photo to line art",2026-02-06
tool,/photo-to-sketch,photo-to-sketch,Photo to Sketch (Coloring Page),Convert photos to sketch-style line art for printable coloring pages.,Photo to Sketch Converter,Convert uploaded photos into sketch-style coloring outlines.,"This photo to sketch converter creates pencil-like outlines while keeping printable contrast. Use it for portraits, objects, and class art exercises.",Try This Generator,/create,Browse Library,/library,convert this photo to a clean pencil sketch for coloring,/static/images/colorfulme/v2/gallery-card-5.png,SEO-focused generator workflow|Kid-friendly line art quality|PNG and PDF export ready,"How is this different from photo mode?::Sketch mode emphasizes drawn line texture while preserving shape clarity.||Can children color these sketches?::Yes, outputs are optimized for large, colorable regions.",published,"photo to sketch,photo sketch converter,coloring sketch",2026-02-06
tool,/photo-to-sketch-converter,photo-to-sketch-converter,Photo to Sketch Converter (Coloring Style),Convert images into sketch-style line drawings optimized for printable coloring pages.,Photo to Sketch Converter for Coloring Pages,"Create sketch-style outlines from photos for coloring, tracing, and activity sheets.","This photo to sketch converter creates pencil-like outlines while keeping printable contrast. Use it for portraits, objects, and class art exercises.",Try This Generator,/create,Browse Library,/library,convert this photo to a clean pencil sketch for coloring,/static/images/colorfulme/v2/gallery-card-5.png,SEO-focused generator workflow|Kid-friendly line art quality|PNG and PDF export ready,"How is this different from photo mode?::Sketch mode emphasizes drawn line texture while preserving shape clarity.||Can children color these sketches?::Yes, outputs are optimized for large, colorable regions.",published,"photo to sketch converter,pencil sketch converter,coloring sketch generator",2026-02-06
tool,/princess-coloring-page-generator,princess-coloring-page-generator,Princess Coloring Page Generator,"Create printable princess coloring pages with castles, dresses, and fantasy scenes.",Princess Coloring Page Generator,Generate custom princess coloring pages with kid-friendly line art.,"Design princess-themed pages for parties, classroom activities, and story-time printables. Add castles, crowns, animals, and magic details in your prompt.",Try This Generator,/create,Browse Library,/library,"princess in a castle garden with butterflies, coloring page",/static/images/colorfulme/v2/gallery-card-3.png,SEO-focused generator workflow|Kid-friendly line art quality|PNG and PDF export ready,"Can I generate different princess themes?::Yes, you can prompt for modern, fairy-tale, or seasonal princess scenes.||Are these good for birthday activities?::Yes, princess coloring sheets are popular for party printable packs.",published,"princess coloring page generator,princess printable coloring pages,fantasy coloring sheets",2026-02-06
tool,/prompt-generators/flux-prompt-generator,prompt-generators-flux-prompt-generator,FLUX Prompt Generator,Generate FLUX prompts optimized for printable coloring page line-art outputs.,FLUX Prompt Generator,Build FLUX prompts for cleaner coloring page generation.,"Use this generator to produce FLUX-ready prompt structures for family-safe themes, bold outlines, and easy color regions suitable for kids.",Try This Generator,/create,Browse Library,/library,"flux prompt: cartoon farm scene coloring page, bold black outlines",/static/images/colorfulme/v2/gallery-card-1.png,SEO-focused generator workflow|Kid-friendly line art quality|PNG and PDF export ready,"Why use a dedicated FLUX prompt generator?::It helps enforce line-art constraints that improve printability.||Can I adapt prompts for different ages?::Yes, include age target and detail level in your prompt for better results.",published,"flux prompt generator,prompt generators,coloring page prompts",2026-02-06
tool,/prompt-generators/midjourney-prompt-generator,prompt-generators-midjourney-prompt-generator,Midjourney Prompt Generator,Create Midjourney prompt templates optimized for printable coloring page generation.,Midjourney Prompt Generator,Generate Midjourney prompts designed for coloring page line art.,"Use this prompt generator to create better Midjourney instructions for black-and-white line art, consistent style, and printable layouts.",Try This Generator,/create,Browse Library,/library,"midjourney prompt for cute jungle animals coloring page, bold outlines",/static/images/colorfulme/v2/gallery-card-11.png,SEO-focused generator workflow|Kid-friendly line art quality|PNG and PDF export ready,"Does this generate images directly?::This page helps build optimized prompts you can use in image workflows.||Can I copy prompts to ColorfulMe?::Yes, generated prompt patterns can be used directly in ColorfulMe create mode.",published,"midjourney prompt generator,prompt generators,coloring page prompts",2026-02-06
tool,/prompt-generators/stable-diffusion-prompt-generator,prompt-generators-stable-diffusion-prompt-generator,Stable Diffusion Prompt Generator,Build Stable Diffusion prompts for clean printable coloring pages and line art.,Stable Diffusion Prompt Generator,Generate Stable Diffusion prompts for coloring page workflows.,"Generate structured prompt templates for Stable Diffusion that emphasize line quality, white backgrounds, and kid-safe printable compositions.",Try This Generator,/create,Browse Library,/library,"stable diffusion coloring page prompt, simple line art, no shading",/static/images/colorfulme/v2/gallery-card-12.png,SEO-focused generator workflow|Kid-friendly line art quality|PNG and PDF export ready,"What makes a good SD coloring prompt?::Prompts that specify clean outlines, no shading, and simple compositions perform best.||Can beginners use this?::Yes, each prompt seed is designed to be easy to copy and tweak.",published,"stable diffusion prompt generator,prompt generators,line art prompts",2026-02-06
tool,/quote-coloring-page-generator,quote-coloring-page-generator,Quote Coloring Page Generator,Create printable quote coloring pages with decorative typography and themed outlines.,Quote Coloring Page Generator,"Generate motivational quote coloring pages for kids, classrooms, and planners.","Turn short quotes into printable coloring sheets with floral, geometric, or seasonal styles. Perfect for affirmations, classroom walls, and journals.",Try This Generator,/create,Browse Library,/library,create a quote coloring page: Be brave and kind,/static/images/colorfulme/v2/gallery-card-7.png,SEO-focused generator workflow|Kid-friendly line art quality|PNG and PDF export ready,"Can I create classroom quotes?::Yes, this generator works well for classroom posters and handouts.||What quote length works best?::Short to medium quotes usually produce the cleanest layouts.",published,"quote coloring page generator,affirmation coloring pages,printable quote coloring sheets",2026-02-06
tool,/stable-diffusion-prompt-generator-for-coloring-pages,stable-diffusion-prompt-generator-for-coloring-pages,Stable Diffusion Prompt Generator for Coloring Pages,Build Stable Diffusion prompts optimized for clean black-and-white coloring page generation.,Stable Diffusion Prompt Generator for Coloring Pages,Create stronger Stable Diffusion prompts for printable coloring page outputs.,"Generate structured prompt templates for Stable Diffusion that emphasize line quality, white backgrounds, and kid-safe printable compositions.",Try This Generator,/create,Browse Library,/library,"stable diffusion coloring page prompt, simple line art, no shading",/static/images/colorfulme/v2/gallery-card-12.png,SEO-focused generator workflow|Kid-friendly line art quality|PNG and PDF export ready,"What makes a good SD coloring prompt?::Prompts that specify clean outlines, no shading, and simple compositions perform best.||Can beginners use this?::Yes, each prompt seed is designed to be easy to copy and tweak.",published,"stable diffusion prompt generator,coloring page prompt templates,line art ai prompts",2026-02-06
tool,/superhero-coloring-page-generator,superhero-coloring-page-generator,Superhero Coloring Page Generator,"Create superhero coloring pages with action poses, city scenes, and bold printable outlines.",Superhero Coloring Page Generator,Generate custom superhero coloring pages with dynamic line art and clean composition.,"Create action-themed printable superhero sheets for kids and tweens. Add powers, costumes, sidekicks, and city backdrops with simple prompt instructions.",Try This Generator,/create,Browse Library,/library,"superhero team flying over city skyline, coloring page",/static/images/colorfulme/v2/gallery-card-5.png,SEO-focused generator workflow|Kid-friendly line art quality|PNG and PDF export ready,"Can I create original heroes?::Yes, prompts can define custom hero names, outfits, and powers.||Will the page be easy to print?::Yes, output is optimized for high-contrast black-and-white printing.",published,"superhero coloring page generator,action coloring pages,printable hero coloring sheets",2026-02-06
tool,/tools/ai-coloring-page-generator,tools-ai-coloring-page-generator,AI Coloring Page Generator Tool,Use the AI coloring page generator tool to create printable coloring pages from prompts in seconds.,AI Coloring Page Generator Tool,Launch the core generator tool for printable coloring pages.,"Use this AI coloring page generator to turn any idea into black-and-white printable art. Pick style, aspect ratio, and difficulty, then export as PNG or PDF.",Try This Generator,/create,Browse Library,/library,a happy dinosaur playing soccer in a park,/static/images/colorfulme/v2/gallery-card-1.png,SEO-focused generator workflow|Kid-friendly line art quality|PNG and PDF export ready,"How fast does generation take?::Most prompts return a printable page in seconds.||Can I print the result?::Yes, export as PDF or PNG for home or classroom printing.",published,"ai coloring page generator tool,tools,printable coloring pages",2026-02-06
library,/library/cute-space-cat-coloring-page,cute-space-cat-coloring-page,Cute Space Cat Coloring Page,Printable space-cat coloring sheet generated with ColorfulMe.,Cute Space Cat Coloring Page,A ready-to-print coloring page for kids who love space and cats.,"Download this line-art page as PNG or PDF, or remix it with your own prompts inside ColorfulMe.",Create Similar,/create,View Library,/library,cute cat astronaut floating near stars,https://images.unsplash.com/photo-1518791841217-8f162f1e1131,Printable quality output|Optimized line clarity|Remix in one click,"Can I remix this page?::Yes, use the Create flow and change the prompt/style.",published,"library,coloring sheet,cat",2026-02-06
tool,/prompt-generators/image-prompt-generator,prompt-generators-image-prompt-generator,AI Image Prompt Generator,"Generate AI image prompts optimized for clean, printable coloring page line art.",AI Image Prompt Generator,Create stronger image prompts that produce cleaner coloring page outputs.,Use this tool to generate structured prompts for coloring-page-friendly compositions and clear outlines.,Try This Generator,/create,Browse Library,/library,Generate a high quality image prompt for printable black-and-white coloring pages with clear outlines and minimal shading.,/static/images/colorfulme/hero-samples.svg,Prompt templates by style|Cleaner outlines|Kid-safe defaults,What does this tool do?|It creates structured prompts optimized for coloring page results.,published,"image prompt generator,prompt generators,coloring page prompts",2026-02-06
tool,/prompt-generators/drawing-prompt-generator,prompt-generators-drawing-prompt-generator,Drawing Prompt Generator,"Generate creative drawing prompts tuned for coloring pages, classrooms, and printable activities.",Drawing Prompt Generator,Get ready-to-use drawing prompts for coloring page generation.,"Create themed prompts for kids, classrooms, and family activities with printable-friendly line art direction.",Try This Generator,/create,Browse Library,/library,Generate a fun and safe drawing prompt suitable for a printable coloring page with bold clean outlines.,/static/images/colorfulme/hero-samples.svg,Theme ideas by age|Printable-friendly scenes|Fast prompt variants,"Who is this for?|Parents, teachers, and creators building coloring activities.",published,"drawing prompt generator,prompt generators,coloring ideas",2026-02-06
tool,/prompt-generators/image-to-prompt-generator,prompt-generators-image-to-prompt-generator,Image to Prompt Generator,Turn an image concept into structured prompts for printable coloring-page generation workflows.,Image to Prompt Generator,Convert visual ideas into reusable prompts for coloring-page outputs.,Use this generator to transform image concepts into prompt text that keeps subjects clear and line-art friendly.,Try This Generator,/create,Browse Library,/library,Transform this visual concept into a concise prompt for black-and-white printable coloring page line art.,/static/images/colorfulme/hero-samples.svg,Visual concept extraction|Prompt structure templates|Line-art optimization,"Can this improve consistency?|Yes, it helps standardize prompt structure across similar images.",published,"image to prompt generator,prompt generators,line art prompts",2026-02-06
tool,/prompt-generators/recraft-prompt-generator,prompt-generators-recraft-prompt-generator,Recraft Prompt Generator,"Build Recraft-ready prompts for bold, printable coloring page results and clean outlines.",Recraft Prompt Generator,Generate Recraft prompts tuned for coloring page line art.,"Create structured Recraft prompts with subject, composition, and line-work guidance for printable outputs.",Try This Generator,/create,Browse Library,/library,Generate a Recraft prompt for a printable black-and-white coloring page with crisp outlines and simple composition.,/static/images/colorfulme/hero-samples.svg,Recraft-oriented syntax|Crisp outline guidance|Low-noise prompt templates,Why Recraft prompts?|They help keep style instructions explicit and consistent.,published,"recraft prompt generator,prompt generators,coloring page prompts",2026-02-06
tool,/generators/rainy-day-activities,generators-rainy-day-activities,Rainy Day Activities Generator,"Generate printable rainy day coloring activities for kids, classrooms, and family time.",Rainy Day Activities Generator,Create indoor-friendly coloring activities for rainy days in seconds.,Generate themed rainy-day activity pages with simple prompts and printable line-art output.,Try This Generator,/create,Browse Library,/library,Create a kid-safe rainy day activity coloring page prompt with playful indoor scenes and clear outlines.,/static/images/colorfulme/hero-samples.svg,Indoor activity themes|Kid-safe ideas|Printable line art,"Can teachers use this?|Yes, it is designed for class-friendly activity sheets.",published,"rainy day activities,generators,indoor coloring pages",2026-02-06
tool,/generators/classroom-activities,generators-classroom-activities,Classroom Activities Generator,Generate classroom-ready coloring activities with printable templates for teachers and students.,Classroom Activities Generator,Build classroom coloring activities aligned with age and learning themes.,"Create educational coloring activity prompts for centers, homework sheets, and themed lessons.",Try This Generator,/create,Browse Library,/library,Generate a classroom-safe educational coloring page prompt with clear outlines and simple composition.,/static/images/colorfulme/hero-samples.svg,Teacher-friendly prompts|Age-based complexity|Print-ready outputs,"Is this suitable for elementary school?|Yes, prompts are designed for classroom use.",published,"classroom activities,generators,education coloring pages",2026-02-06
